
-- id is also auto inc pls rempve id when insert new data if id autoinc pls remove when insert new data -- This script populates the database with a substantial amount of sample data.
-- It is designed to be run after the CREATE TABLE statements have been executed.
-- Foreign key relationships have been maintained throughout the script.

-- ========================
-- POPULATE CORE TABLES (FEWER DEPENDENCIES)
-- ========================
-- paymentmethod (auto-generated pay_method_id)
use computer_shop;
INSERT INTO paymentmethod (pay_method, company_handle, is_enable) VALUES
('Credit Card', 'Stripe', TRUE),
('PayPal', 'PayPal Inc.', TRUE),
('KHQR', 'Bakong', TRUE),
('ABA payway', 'ABA bank', TRUE),
('Wing', 'Wing Bank.', TRUE);

-- category (auto-generated category_id)
INSERT INTO category (title, description) VALUES
('Computers', 'Desktops, laptops, and all-in-one PCs for work and play.'),
('Hardware Components', 'Processors, motherboards, RAM, graphics cards, and storage devices.'),
('Accessories', 'Keyboards, mice, monitors, printers, and other computer accessories.'),
('Networking', 'Routers, switches, modems, and network cables for home and office.'),
('Software', 'Operating systems, productivity suites, antivirus, and development tools.'),
('Gaming', 'Gaming PCs, consoles, accessories, and peripherals for gamers.'),
('Storage Devices', 'External hard drives, SSDs, USB drives, and memory cards.'),
('Printers & Scanners', 'Printers, scanners, and related consumables like ink and toner.'),
('Office Equipment', 'Monitors, projectors, UPS, and other essential office gadgets.');

-- typeproduct (auto-generated type_id)
INSERT INTO typeproduct (name, description) VALUES
('CPU', 'Central Processing Units'),
('RAM', 'Random Access Memory modules'),
('VGA', 'Video Graphics Array / Graphics Cards'),
('Motherboard', 'Main circuit board of a computer'),
('SSD', 'Solid State Drives'),
('HDD', 'Hard Disk Drives'),
('Power Supply Unit', 'Converts AC to low-voltage regulated DC power'),
('CPU Cooler', 'Devices to cool the CPU'),
('Case', 'Computer chassis'),
('Monitor', 'Display screens'),
('Keyboard', 'Input devices for typing'),
('Mouse', 'Input devices for pointing and clicking'),
('Printer', 'Output devices for printing documents'),
('Router', 'Network devices for routing data packets'),
('Labtop','A personal Computer'),
('Operating System', 'System software for managing computer hardware and software resources');


INSERT INTO brand (name, logo_url, website, country) VALUES
('InnovateTech', '/logos/innovate.png', 'https://innovate.tech', 'USA'),
('ASUS', '/logos/asus.png', 'https://www.asus.com', 'Taiwan'),
('NVIDIA', '/logos/nvidia.png', 'https://www.nvidia.com', 'USA'),
('MSI', '/logos/msi.png', 'https://www.msi.com', 'Taiwan'),
('Intel', '/logos/intel.png', 'https://www.intel.com', 'USA'),
('AMD', '/logos/amd.png', 'https://www.amd.com', 'USA'),
('Samsung', '/logos/samsung.png', 'https://www.samsung.com', 'South Korea'),
('Western Digital', '/logos/wd.png', 'https://www.westerndigital.com', 'USA'),
('Seagate', '/logos/seagate.png', 'https://www.seagate.com', 'USA'),
('Logitech', '/logos/logitech.png', 'https://www.logitech.com', 'Switzerland'),
('Razer', '/logos/razer.png', 'https://www.razer.com', 'USA'),
('Corsair', '/logos/corsair.png', 'https://www.corsair.com', 'USA'),
('Gigabyte', '/logos/gigabyte.png', 'https://www.gigabyte.com', 'Taiwan'),
('Crucial', '/logos/crucial.png', 'https://www.crucial.com', 'USA'),
('Kingston', '/logos/kingston.png', 'https://www.kingston.com', 'USA'),
('Dell', '/logos/dell.png', 'https://www.dell.com', 'USA');
-- promotion (Lookup Table) - promotion_id is AUTO_INCREMENT, so do not include it in the INSERT statement.
-- TIMESTAMPTZ in PostgreSQL typically includes timezone offset,
-- for MySQL TIMESTAMP, just provide the datetime string without the offset.
INSERT INTO promotion (title, description, discount_type, discount_value, start_date, end_date) VALUES
('Summer Sale 2024', 'Get ready for summer with hot deals on computer components and peripherals!', 'Percentage', 15.00, '2024-06-01 00:00:00', '2024-07-31 23:59:59'),
('Black Friday Tech Deals', 'Massive discounts on all electronics and computer parts!', 'Percentage', 25.00, '2023-11-24 00:00:00', '2023-11-26 23:59:59'),
('New Customer Welcome', 'A special discount for your first order of any computer item.', 'Fixed Amount', 10.00, '2023-01-01 00:00:00', '2024-12-31 23:59:59'),
('Spring Upgrade Special', 'Upgrade your PC with deals on CPUs, GPUs, and RAM.', 'Percentage', 10.00, '2024-04-01 00:00:00', '2024-04-30 23:59:59'),
('Gaming Gear Discount', 'Save on Gaming PCs, keyboards, and mice.', 'Fixed Amount', 20.00, '2024-03-15 00:00:00', '2024-04-15 23:59:59'),
('Clearance Hardware', 'Old stock hardware components at half price!', 'Percentage', 50.00, '2023-02-01 00:00:00', '2023-02-28 23:59:59');


-- supplier (30 rows) - supplier_id is AUTO_INCREMENT, so do not include it in the INSERT statement.
-- Updated descriptions and types to fit a 'computer_shop' context.
INSERT INTO supplier (name, email, phone_number, type_supply, address, notes) VALUES
('TechWholesale Inc.', 'contact@techwholesale.com', '111-222-3333', 'General Electronics', '100 Computer Way, Silicon Valley, CA', 'Primary supplier for a wide range of computer parts.'),
('CPU Solutions', 'sales@cpusolutions.com', '222-333-4444', 'Processors', '200 Core Blvd, Processor City, TX', 'Exclusive distributor for high-end CPUs.'),
('RAM R Us', 'orders@ramrus.com', '333-444-5555', 'Memory Modules', '300 DIMM Dr, Memory Lane, NY', 'Specializes in high-performance RAM.'),
('Graphics Card Giant', 'info@gcg.com', '444-555-6666', 'Graphics Cards', '400 Pixel Pl, GPU Valley, FL', 'Leading supplier of NVIDIA and AMD GPUs.'),
('Motherboard Master', 'support@mbm.com', '555-666-7777', 'Motherboards', '500 Chipset Ct, Boardville, MA', 'Supplies latest generation motherboards.'),
('Storage Solutions Co.', 'gear@storagesolutions.net', '666-777-8888', 'Storage Devices', '600 Byte Blvd, Data City, CO', 'Bulk orders for SSDs and HDDs.'),
('Peripheral Powerhouse', 'orders@peripherals.inc', '777-888-9999', 'Peripherals', '700 Keyboard Key, Input Isle, IA', 'Focus on premium keyboards, mice, and webcams.'),
('Networking Nexus', 'play@networkingnexus.com', '888-999-0000', 'Networking Gear', '800 Ethernet Rd, Network City, CA', 'Routers, switches, and network adapters.'),
('Display Dynamics', 'sales@displaydynamics.com', '999-000-1111', 'Monitors', '900 Screen Sq, Vision Valley, MI', 'Supplies gaming and professional monitors.'),
('Power Supply Pro', 'psp@powersupplypro.com', '111-333-5555', 'Power Supplies', '1000 Watt Way, Ampere Alley, CA', 'Reliable PSUs for all builds.'),
('Cooling Concepts', 'wholesale@coolingconcepts.com', '222-444-6666', 'Cooling Systems', '1100 Fan Fl, Cooler Creek, MA', 'Distributes CPU coolers and case fans.'),
('Chassis Crafters', 'contact@chassiscrafters.com', '333-555-7777', 'PC Cases', '1200 Tower Trail, Case City, Italy', 'Imports unique PC cases.'),
('Software & OS Distro', 'info@softwaredistro.com', '444-666-8888', 'Software', '1300 Code Ln, Binary Bay, France', 'Certified software licenses and OS.'),
('Gaming Gear Global', 'gg@gaminggearglobal.com', '555-777-9999', 'Gaming Accessories', '1400 Gamer Glade, Esport Est, CA', 'Exclusive supplier for gaming headsets and controllers.'),
('Server Parts Supply', 'sps@serverparts.com', '666-888-0000', 'Server Hardware', '1500 Rack Row, Server Farms, Germany', 'Specialized in enterprise-grade server components.'),
('Printer & Ink Supply', 'distro@printerink.com', '123-123-1234', 'Printers & Consumables', '1600 Cartridge Ct, Inkwell, TX', 'OEM and compatible printer supplies.'),
('Cabling Solutions', 'comfort@cablingsolutions.com', '234-234-2345', 'Cables & Adapters', '1700 Wire Way, Connector Cove, MN', 'All types of internal and external cables.'),
('Used Parts Depot', 'sales@usedpartsdepot.com', '345-345-3456', 'Refurbished Parts', '1800 Refurb Rd, Restoreville, CO', 'Quality refurbished computer components.'),
('Bulk Connector Supply', 'bb@bulkconnect.com', '456-456-4567', 'Connectors & Adapters', '1900 Plug Pl, Adapter Alley, CA', 'Supplier for various internal PC connectors.'),
('Repair Tool Kits', 'logistics@repairkits.com', '567-567-5678', 'Tools', '2000 Tool Tray, Fixer Flat, NY', 'PC repair and building tool kits.'),
('Custom PC Builders Supply', 'orders@custompcsupply.com', '678-678-6789', 'Custom PC Components', '2100 Mod Way, Builder Bay, IL', 'Unique components for custom PC builds.'),
('Security Software Source', 'contact@securesoft.com', '789-789-7890', 'Security Software', '2200 Shield St, Antivirus Ave, Denmark', 'Leading antivirus and security software.'),
('Educational Software Distro', 'parts@edusoft.com', '890-890-8901', 'Educational Software', '2300 Learn Ln, Academia, Germany', 'Software for schools and universities.'),
('Point of Sale Systems', 'cc@possystems.com', '901-901-9012', 'POS Hardware', '2400 Register Rd, Checkout Ct, France', 'POS systems and peripherals.'),
('VR & AR Hardware', 'gg@vrarhardware.com', '112-112-1123', 'VR/AR Devices', '2500 Reality Rd, Metaverse, China', 'Advanced virtual and augmented reality hardware.'),
('Drone & Robotics Parts', 'drone@robotics.com', '223-223-2234', 'Drone/Robotics Components', '2600 Drone Dr, Robot Rd, India', 'Components for DIY drones and robotics.'),
('Home Automation Tech', 'support@homeauto.com', '334-334-3345', 'Smart Home Devices', '2700 Smart St, Automation Ave, Canada', 'Smart home integration devices.'),
('Industrial PC Supplier', 'rp@industrialpc.com', '445-445-4456', 'Industrial PCs', '2800 Factory Fl, Automation Zone, UK', 'Rugged PCs for industrial use.'),
('Open Source Hardware', 'elixirs@opensource.com', '556-556-5567', 'Open Source Hardware', '2900 Linux Ln, Dev District, Japan', 'Open-source friendly hardware and dev boards.'),
('Retro Gaming Emporium', 'fun@retrogaming.com', '667-667-6678', 'Retro Gaming Systems', '3000 Arcade Ave, Nostalgia Nook, Germany', 'Vintage gaming console parts and accessories.');

-- staff (30 rows) - Assuming staff_id IS auto-increment
-- Managers (staff_id 1-5)

INSERT INTO staff (name, phone_number, salary, work_schedule, is_active, hire_date, position, manager_id) VALUES
-- Managers (staff_id will be auto-generated as 1-5)
('Eleanor Vance', '555-0101', 95000.00, 'Mon-Fri 9am-5pm', TRUE, '2018-03-15', 'General Manager', NULL),
('Marcus Thorne', '555-0102', 82000.00, 'Mon-Fri 9am-5pm', TRUE, '2019-07-22', 'Operations Manager', 1),
('Anya Sharma', '555-0103', 78000.00, 'Mon-Fri 8am-4pm', TRUE, '2020-01-10', 'Warehouse Manager', 2),
('Liam Gallagher', '555-0104', 75000.00, 'Mon-Fri 10am-6pm', TRUE, '2020-05-30', 'Customer Service Manager', 1),
('Sofia Rossi', '555-0105', 80000.00, 'Mon-Fri 9am-5pm', TRUE, '2019-11-01', 'Procurement Manager', 2),
-- Staff reporting to managers (manager_id references the auto-generated IDs above)
('Ben Carter', '555-0106', 48000.00, 'Tue-Sat 10am-6pm', TRUE, '2021-02-11', 'Warehouse Associate', 3),
('Chloe Davis', '555-0107', 42000.00, 'Mon-Fri 9am-5pm', TRUE, '2022-08-01', 'Customer Service Rep', 4),
('David Evans', '555-0108', 55000.00, 'Mon-Fri 9am-5pm', TRUE, '2021-06-18', 'IT Support Specialist', 2),
('Fiona Green', '555-0109', 62000.00, 'Mon-Fri 9am-5pm', TRUE, '2021-09-03', 'Procurement Specialist', 5),
('George Hill', '555-0110', 49000.00, 'Sun-Thur 8am-4pm', TRUE, '2022-03-25', 'Warehouse Associate', 3),
('Hannah Ivanova', '555-0111', 43500.00, 'Tue-Sat 1pm-9pm', TRUE, '2023-01-20', 'Customer Service Rep', 4),
('Isaac Jenkins', '555-0112', 47500.00, 'Mon-Fri 6am-2pm', TRUE, '2021-11-12', 'Forklift Operator', 3),
('Jasmine King', '555-0113', 41000.00, 'Mon-Fri 10am-6pm', FALSE, '2022-05-09', 'Customer Service Rep', 4),
('Kevin Lee', '555-0114', 65000.00, 'Mon-Fri 9am-5pm', TRUE, '2022-07-14', 'Accountant', 1),
('Laura Martinez', '555-0115', 51000.00, 'Wed-Sun 9am-5pm', TRUE, '2023-04-03', 'Receiving Clerk', 3),
('Noah Ortiz', '555-0116', 58000.00, 'Mon-Fri 9am-5pm', TRUE, '2022-10-17', 'Marketing Coordinator', 1),
('Olivia Perez', '555-0117', 44000.00, 'Mon-Fri 8am-4pm', TRUE, '2023-08-21', 'Customer Service Rep', 4),
('Peter Quinn', '555-0118', 60000.00, 'Mon-Fri 9am-5pm', TRUE, '2022-01-05', 'HR Assistant', 1),
('Rachel Scott', '555-0119', 53000.00, 'Mon-Fri 7am-3pm', TRUE, '2023-06-28', 'Inventory Control Specialist', 3),
('Samuel Turner', '555-0120', 61000.00, 'Mon-Fri 9am-5pm', TRUE, '2023-09-11', 'Procurement Specialist', 5),
('Tara Underwood', '555-0121', 49500.00, 'Tue-Sat 11am-7pm', TRUE, '2023-02-15', 'Warehouse Associate', 3),
('Umar Valdez', '555-0122', 42500.00, 'Mon-Fri 9am-5pm', TRUE, '2023-11-01', 'Junior Customer Service Rep', 4),
('Victoria White', '555-0123', 56000.00, 'Mon-Fri 9am-5pm', TRUE, '2022-08-08', 'Data Analyst', 2),
('William Xu', '555-0124', 48500.00, 'Sun-Thur 10pm-6am', TRUE, '2023-05-22', 'Night Shift Stocker', 3),
('Ximena Young', '555-0125', 68000.00, 'Mon-Fri 9am-5pm', TRUE, '2023-03-01', 'Lead Developer', 2),
('Yosef Zimmerman', '555-0126', 46000.00, 'Mon, Wed, Fri 8am-4pm', TRUE, '2023-07-19', 'Part-time Packer', 3),
('Zoe Anderson', '555-0127', 43000.00, 'Mon-Fri 9am-5pm', TRUE, '2024-01-10', 'Customer Service Rep', 4),
('Adam Baker', '555-0128', 52000.00, 'Mon-Fri 9am-5pm', TRUE, '2024-02-20', 'Shipping Coordinator', 3),
('Bella Chen', '555-0129', 59000.00, 'Mon-Fri 9am-5pm', TRUE, '2024-03-05', 'Social Media Manager', 1),
('Carlos Diaz', '555-0130', 54000.00, 'Mon-Fri 9am-5pm', TRUE, '2024-04-15', 'Inventory Analyst', 3);


-- customer (40 rows) - Assuming customer_id IS auto-increment
INSERT INTO customer (name, phone_number, registration_date, login_date, profile_img_path, password) VALUES
('Alice Johnson', '202-555-0173', '2022-01-15 10:30:00+00', '2024-05-20 08:15:00+00', '/profiles/alicej.jpg', 'hash_pw_123'),
('Bob Williams', '202-555-0182', '2022-02-20 14:00:00+00', '2024-05-19 11:00:00+00', '/profiles/bobw.jpg', 'hash_pw_456'),
('Charlie Brown', '202-555-0191', '2022-03-10 18:45:00+00', '2024-05-21 12:30:00+00', NULL, 'hash_pw_789'),
('Diana Miller', '202-555-0164', '2022-04-05 09:00:00+00', '2024-05-18 20:05:00+00', '/profiles/dianam.jpg', 'hash_pw_abc'),
('Ethan Davis', '202-555-0155', '2022-05-25 11:20:00+00', '2024-05-20 16:40:00+00', NULL, 'hash_pw_def'),
('Fiona Wilson', '202-555-0146', '2022-06-18 22:10:00+00', '2024-05-21 09:00:00+00', '/profiles/fionaw.jpg', 'hash_pw_ghi'),
('George Moore', '202-555-0137', '2022-07-01 13:00:00+00', '2024-05-17 18:10:00+00', NULL, 'hash_pw_jkl'),
('Hannah Taylor', '202-555-0128', '2022-08-11 16:50:00+00', '2024-05-21 14:22:00+00', '/profiles/hannaht.jpg', 'hash_pw_mno'),
('Ian Anderson', '202-555-0119', '2022-09-02 19:30:00+00', '2024-05-20 11:55:00+00', NULL, 'hash_pw_pqr'),
('Jane Thomas', '202-555-0100', '2022-10-30 08:00:00+00', '2024-05-21 10:10:00+00', '/profiles/janet.jpg', 'hash_pw_stu'),
('Ken White', '202-555-0111', '2023-01-20 12:00:00+00', '2024-05-19 22:00:00+00', NULL, 'hash_pw_vwx'),
('Laura Harris', '202-555-0112', '2023-02-14 17:00:00+00', '2024-05-20 07:30:00+00', '/profiles/laurah.jpg', 'hash_pw_yz0'),
('Mike Clark', '202-555-0113', '2023-03-21 21:00:00+00', '2024-05-21 11:11:00+00', '/profiles/mikec.jpg', 'hash_pw_1a2'),
('Nora Lewis', '202-555-0114', '2023-04-19 11:45:00+00', '2024-05-18 13:45:00+00', NULL, 'hash_pw_3b4'),
('Oscar Walker', '202-555-0115', '2023-05-01 10:15:00+00', '2024-05-20 19:00:00+00', '/profiles/oscarw.jpg', 'hash_pw_5c6'),
('Penny Hall', '202-555-0116', '2023-06-22 09:30:00+00', '2024-05-21 06:00:00+00', NULL, 'hash_pw_7d8'),
('Quincy Allen', '202-555-0117', '2023-07-13 14:20:00+00', '2024-05-19 15:20:00+00', '/profiles/quincya.jpg', 'hash_pw_9e0'),
('Rachel Young', '202-555-0118', '2023-08-16 18:00:00+00', '2024-05-20 21:10:00+00', '/profiles/rachely.jpg', 'hash_pw_f1g'),
('Sam King', '202-555-0120', '2023-09-09 12:00:00+00', '2024-05-21 13:05:00+00', NULL, 'hash_pw_2h3'),
('Tina Wright', '202-555-0121', '2023-10-07 15:00:00+00', '2024-05-18 10:50:00+00', '/profiles/tinaw.jpg', 'hash_pw_i4j'),
('Uma Scott', '202-555-0122', '2023-11-11 11:11:00+00', '2024-05-20 14:44:00+00', NULL, 'hash_pw_k5l'),
('Victor Green', '202-555-0123', '2023-12-24 20:00:00+00', '2024-05-21 17:17:00+00', '/profiles/victorg.jpg', 'hash_pw_m6n'),
('Wendy Adams', '202-555-0124', '2024-01-01 00:01:00+00', '2024-05-19 09:19:00+00', NULL, 'hash_pw_o7p'),
('Xavier Baker', '202-555-0125', '2024-02-14 10:00:00+00', '2024-05-20 08:28:00+00', '/profiles/xavierb.jpg', 'hash_pw_q8r'),
('Yara Carter', '202-555-0126', '2024-03-08 13:30:00+00', '2024-05-21 18:38:00+00', '/profiles/yarac.jpg', 'hash_pw_s9t'),
('Zane Diaz', '202-555-0127', '2024-04-01 16:45:00+00', '2024-05-18 14:48:00+00', NULL, 'hash_pw_u0v'),
('Amy Evans', '202-555-0129', '2024-04-10 10:00:00+00', '2024-05-21 09:30:00+00', '/profiles/amye.jpg', 'hash_pw_w1x'),
('Brian Foster', '202-555-0130', '2024-04-15 11:00:00+00', '2024-05-20 10:30:00+00', NULL, 'hash_pw_y2z'),
('Clara Garcia', '202-555-0131', '2024-04-20 12:00:00+00', '2024-05-19 11:30:00+00', '/profiles/clarag.jpg', 'hash_pw_ab1'),
('Derek Hill', '202-555-0132', '2024-04-25 13:00:00+00', '2024-05-21 12:30:00+00', '/profiles/derekh.jpg', 'hash_pw_cd2'),
('Eva Jackson', '202-555-0133', '2024-05-01 14:00:00+00', '2024-05-20 13:30:00+00', NULL, 'hash_pw_ef3'),
('Frank King', '202-555-0134', '2024-05-02 15:00:00+00', '2024-05-19 14:30:00+00', '/profiles/frankk.jpg', 'hash_pw_gh4'),
('Grace Lee', '202-555-0135', '2024-05-03 16:00:00+00', '2024-05-21 15:30:00+00', NULL, 'hash_pw_ij5'),
('Henry Martin', '202-555-0136', '2024-05-04 17:00:00+00', '2024-05-20 16:30:00+00', '/profiles/henrym.jpg', 'hash_pw_kl6'),
('Ivy Nelson', '202-555-0138', '2024-05-05 18:00:00+00', '2024-05-19 17:30:00+00', '/profiles/ivyn.jpg', 'hash_pw_mn7'),
('Jack Ortiz', '202-555-0139', '2024-05-06 19:00:00+00', '2024-05-21 18:30:00+00', NULL, 'hash_pw_op8'),
('Kate Perez', '202-555-0140', '2024-05-07 20:00:00+00', '2024-05-20 19:30:00+00', '/profiles/katep.jpg', 'hash_pw_qr9'),
('Leo Quinn', '202-555-0141', '2024-05-08 21:00:00+00', '2024-05-19 20:30:00+00', '/profiles/leoq.jpg', 'hash_pw_st0'),
('Mia Roberts', '202-555-0142', '2024-05-09 22:00:00+00', '2024-05-21 21:30:00+00', NULL, 'hash_pw_uv1'),
('Noah Scott', '202-555-0143', '2024-05-10 23:00:00+00', '2024-05-20 22:30:00+00', '/profiles/noahs.jpg', 'hash_pw_wx2');

-- ========================
-- POPULATE TABLES WITH DEPENDENCIES
-- ========================

-- address (50 rows) - Assuming address_id IS auto-increment
-- Note: customer_id needs to reference auto-generated customer IDs.
-- This assumes the auto-increment for customer starts at 1 and increments sequentially.
INSERT INTO address (customer_id, street_line, commune, district, province, google_map_link) VALUES
(1, '123 Maple St', 'Central', 'Downtown', 'Capital City', 'https://maps.google.com/?q=123+Maple+St'),
(2, '456 Oak Ave', 'Northwood', 'Suburbia', 'Capital City', 'https://maps.google.com/?q=456+Oak+Ave'),
(3, '789 Pine Ln', 'Southside', 'Industrial', 'Metro Area', 'https://maps.google.com/?q=789+Pine+Ln'),
(4, '101 Elm Ct', 'Westend', 'Riverside', 'Capital City', 'https://maps.google.com/?q=101+Elm+Ct'),
(1, '246 Birch Rd', 'Green Valley', 'Uptown', 'Capital City', 'https://maps.google.com/?q=246+Birch+Rd'),
(5, '303 Cedar Dr', 'Lakeview', 'Eastside', 'Metro Area', 'https://maps.google.com/?q=303+Cedar+Dr'),
(6, '404 Spruce Way', 'Hilltop', 'Downtown', 'Capital City', 'https://maps.google.com/?q=404+Spruce+Way'),
(7, '505 Redwood Blvd', 'Bayview', 'Suburbia', 'Metro Area', 'https://maps.google.com/?q=505+Redwood+Blvd'),
(8, '606 Aspen Pl', 'Old Town', 'Riverside', 'Capital City', 'https://maps.google.com/?q=606+Aspen+Pl'),
(9, '707 Willow Bend', 'New Town', 'Eastside', 'Metro Area', 'https://maps.google.com/?q=707+Willow+Bend'),
(10, '808 Poplar St', 'Central', 'Downtown', 'Capital City', NULL),
(11, '909 Juniper Ave', 'Northwood', 'Suburbia', 'Capital City', NULL),
(12, '111 Magnolia Ct', 'Southside', 'Industrial', 'Metro Area', 'https://maps.google.com/?q=111+Magnolia+Ct'),
(13, '222 Sycamore Ln', 'Westend', 'Riverside', 'Capital City', NULL),
(14, '333 Cypress Dr', 'Green Valley', 'Uptown', 'Capital City', 'https://maps.google.com/?q=333+Cypress+Dr'),
(15, '444 Holly Way', 'Lakeview', 'Eastside', 'Metro Area', NULL),
(16, '555 Hawthorn Blvd', 'Hilltop', 'Downtown', 'Capital City', 'https://maps.google.com/?q=555+Hawthorn+Blvd'),
(17, '666 Hemlock Pl', 'Bayview', 'Suburbia', 'Metro Area', NULL),
(18, '777 Alder Bend', 'Old Town', 'Riverside', 'Capital City', 'https://maps.google.com/?q=777+Alder+Bend'),
(19, '888 Chestnut St', 'New Town', 'Eastside', 'Metro Area', NULL),
(20, '999 Walnut Ave', 'Central', 'Downtown', 'Capital City', 'https://maps.google.com/?q=999+Walnut+Ave'),
(21, '121 Palm Ct', 'Northwood', 'Suburbia', 'Capital City', NULL),
(22, '232 Cherry Ln', 'Southside', 'Industrial', 'Metro Area', 'https://maps.google.com/?q=232+Cherry+Ln'),
(23, '343 Plum Dr', 'Westend', 'Riverside', 'Capital City', NULL),
(24, '454 Peach Way', 'Green Valley', 'Uptown', 'Capital City', 'https://maps.google.com/?q=454+Peach+Way'),
(25, '565 Orange Blvd', 'Lakeview', 'Eastside', 'Metro Area', NULL),
(26, '676 Lemon Pl', 'Hilltop', 'Downtown', 'Capital City', 'https://maps.google.com/?q=676+Lemon+Pl'),
(27, '787 Lime Bend', 'Bayview', 'Suburbia', 'Metro Area', NULL),
(28, '898 Grape St', 'Old Town', 'Riverside', 'Capital City', 'https://maps.google.com/?q=898+Grape+St'),
(29, '909 Kiwi Ave', 'New Town', 'Eastside', 'Metro Area', NULL),
(30, '131 Mango Ct', 'Central', 'Downtown', 'Capital City', 'https://maps.google.com/?q=131+Mango+Ct'),
(31, '242 Papaya Ln', 'Northwood', 'Suburbia', 'Capital City', NULL),
(32, '353 Fig Dr', 'Southside', 'Industrial', 'Metro Area', 'https://maps.google.com/?q=353+Fig+Dr'),
(33, '464 Date Way', 'Westend', 'Riverside', 'Capital City', NULL),
(34, '575 Coconut Blvd', 'Green Valley', 'Uptown', 'Capital City', 'https://maps.google.com/?q=575+Coconut+Blvd'),
(35, '686 Pineapple Pl', 'Lakeview', 'Eastside', 'Metro Area', NULL),
(36, '797 Berry Bend', 'Hilltop', 'Downtown', 'Capital City', 'https://maps.google.com/?q=797+Berry+Bend'),
(37, '808 Melon St', 'Bayview', 'Suburbia', 'Metro Area', NULL),
(38, '919 Watermelon Ave', 'Old Town', 'Riverside', 'Capital City', 'https://maps.google.com/?q=919+Watermelon+Ave'),
(39, '141 Lychee Ct', 'New Town', 'Eastside', 'Metro Area', NULL),
(40, '252 Guava Ln', 'Central', 'Downtown', 'Capital City', 'https://maps.google.com/?q=252+Guava+Ln'),
(8, '888 Second Ave', 'Work District', 'Business Park', 'Metro Area', 'https://maps.google.com/?q=888+Second+Ave'),
(15, '15 Work Place', 'Office Park', 'Downtown', 'Capital City', 'https://maps.google.com/?q=15+Work+Place'),
(22, '222 Business Rd', 'Industrial', 'Metro Area', 'Metro Area', NULL),
(30, '30 Shipping Ln', 'Warehouse District', 'Southside', 'Capital City', NULL),
(1, '1 Vacation Home', 'Beachside', 'Coastal', 'Vacation Land', NULL),
(12, '12 Country Rd', 'Rural', 'Farmland', 'Green County', NULL),
(25, '25 Mountain View', 'Hilltop', 'Highlands', 'Summit County', NULL),
(33, '33 River Walk', 'Riverside', 'Waterside', 'Capital City', NULL),
(40, '40 City Loft Apt 5B', 'Uptown', 'Downtown', 'Capital City', NULL);


-- product (60 rows) - Assuming product_code is the primary key (string) and not auto-increment
INSERT INTO product (product_code, name, description, price, stock_quantity, image_path, brand_id, is_active, last_restock_date, category_id, type_id) VALUES
-- Electronics
('ELEC-001', 'InnovatePhone 15 Pro', 'The latest smartphone from InnovateTech with a stunning display.', 999.00, 150, '/products/phone15pro.jpg', 1, TRUE, '2024-05-10', 1, 1),
('ELEC-002', 'iMac 24-inch', 'The vibrant and powerful all-in-one desktop.', 1299.00, 75, '/products/imac24.jpg', 10, TRUE, '2024-05-01', 1, 2),
('ELEC-003', 'Galaxy S24 Ultra', 'Experience the new standard of mobile AI.', 1199.99, 120, '/products/s24ultra.jpg', 11, TRUE, '2024-05-12', 1, 1),
('ELEC-004', 'WH-1000XM5 Headphones', 'Industry-leading noise canceling headphones.', 399.99, 200, '/products/sonyxm5.jpg', 12, TRUE, '2024-04-28', 1, 3),
('ELEC-005', 'Inspiron 15 Laptop', 'A reliable laptop for everyday tasks.', 549.50, 80, '/products/inspiron15.jpg', 21, TRUE, '2024-05-05', 1, 2),
('ELEC-006', 'QuietComfort Ultra Headphones', 'Spatialized audio for an immersive experience.', 429.00, 110, '/products/boseqc.jpg', 20, TRUE, '2024-05-15', 1, 3),
('ELEC-007', 'Anker PowerCore 10000', 'Compact high-capacity portable charger.', 25.99, 500, '/products/ankerpc.jpg', 26, TRUE, '2024-05-18', 1, NULL),
('ELEC-008', 'Samsung Odyssey G9 Monitor', '49-inch curved gaming monitor.', 1399.00, 40, '/products/odyg9.jpg', 11, TRUE, '2024-04-20', 1, NULL),
('ELEC-009', 'InnovatePad Air', 'Light, bright, and full of might.', 599.00, 90, '/products/ipadair.jpg', 1, TRUE, '2024-05-11', 1, NULL),
('ELEC-010', 'MacBook Pro 14-inch', 'Mind-blowing performance with M3 Pro chip.', 1999.00, 60, '/products/macbookpro14.jpg', 10, TRUE, '2024-05-02', 1, 2),
-- Home & Kitchen
('HOME-001', 'ProBlend 5000', 'High-speed blender for smoothies and soups.', 129.99, 85, '/products/problend5000.jpg', 2, TRUE, '2024-04-25', 2, 11),
('HOME-002', 'Tefal Non-Stick Pan', '28cm pan, perfect for everyday cooking.', 45.00, 300, '/products/tefalpan.jpg', 19, TRUE, '2024-05-19', 2, 4),
('HOME-003', 'Artisan Stand Mixer', 'The iconic stand mixer for all your baking needs.', 449.95, 50, '/products/artisanmixer.jpg', 28, TRUE, '2024-04-15', 2, NULL),
('HOME-004', 'Philips Air Fryer XXL', 'Fry with up to 90% less fat.', 249.99, 100, '/products/philipsaf.jpg', 2, TRUE, '2024-05-08', 2, NULL),
('HOME-005', 'HomeyGoods Knife Set', '15-piece stainless steel knife block set.', 89.99, 120, '/products/knifeset.jpg', 2, TRUE, '2024-05-14', 2, 4),
('HOME-006', 'CozyComfort Down Comforter', 'All-season goose down comforter, Queen size.', 199.00, 70, '/products/comforter.jpg', 2, TRUE, '2024-03-30', 2, NULL),
('HOME-007', 'Smart Air Purifier 4', 'Keeps your home air fresh and clean.', 149.00, 95, '/products/airpurifier.jpg', 1, TRUE, '2024-05-16', 2, NULL),
-- Fashion
('FASH-001', 'UrbanThreads Classic Tee', 'A soft, durable 100% cotton t-shirt.', 25.00, 400, '/products/urbantee.jpg', 3, TRUE, '2024-05-20', 3, 5),
('FASH-002', 'Air Pegasus 40', 'A springy ride for every run.', 130.00, 250, '/products/pegasus40.jpg', 13, TRUE, '2024-05-01', 3, 6),
('FASH-003', 'Levi''s 501 Original Fit Jeans', 'The timeless original blue jeans.', 79.50, 300, '/products/levis501.jpg', 27, TRUE, '2024-05-10', 3, 12),
('FASH-004', 'Ultraboost Light', 'Epic energy, now lighter than ever.', 180.00, 180, '/products/ultraboost.jpg', 14, TRUE, '2024-04-22', 3, 6),
('FASH-005', 'Borealis Backpack', '28-liter backpack for work or play.', 99.00, 150, '/products/borealis.jpg', 22, TRUE, '2024-05-17', 3, NULL),
('FASH-006', 'UrbanThreads Hoodie', 'Comfortable fleece-lined hoodie.', 55.00, 200, '/products/urbanhoodie.jpg', 3, TRUE, '2024-05-20', 3, NULL),
('FASH-007', 'Classic Leather Belt', '100% genuine leather belt.', 40.00, 150, '/products/leatherbelt.jpg', 3, TRUE, '2024-04-18', 3, NULL),
-- Health & Beauty
('BEAU-001', 'PureGlow HydraCream', 'Intense hydration for all skin types.', 35.50, 300, '/products/hydracream.jpg', 4, TRUE, '2024-05-13', 4, 7),
('BEAU-002', 'L''Oréal Revitalift Serum', 'Anti-wrinkle and firming serum.', 29.99, 220, '/products/revitalift.jpg', 15, TRUE, '2024-05-09', 4, NULL),
('BEAU-003', 'CeraVe Moisturizing Cream', 'For normal to dry skin, with ceramides.', 16.99, 600, '/products/cerave.jpg', 23, TRUE, '2024-05-19', 4, 7),
('BEAU-004', 'Clinique Moisture Surge', '100H auto-replenishing hydrator.', 46.00, 180, '/products/moisture_surge.jpg', 29, TRUE, '2024-05-03', 4, 7),
('BEAU-005', 'PureGlow Vitamin C Serum', 'Brightening serum for a radiant complexion.', 42.00, 150, '/products/vitaminc.jpg', 4, TRUE, '2024-05-13', 4, NULL),
('BEAU-006', 'ActionFit Protein Powder', '25g of protein per serving, vanilla flavor.', 39.99, 120, '/products/protein.jpg', 6, TRUE, '2024-04-29', 4, NULL),
-- Books
('BOOK-001', 'The Midnight Library', 'A novel by Matt Haig.', 15.99, 500, '/products/midnightlibrary.jpg', 16, TRUE, '2024-05-01', 5, 8),
('BOOK-002', 'Atomic Habits', 'An Easy & Proven Way to Build Good Habits.', 18.50, 700, '/products/atomichabits.jpg', 16, TRUE, '2024-05-15', 5, NULL),
('BOOK-003', 'The Silent Patient', 'A psychological thriller by Alex Michaelides.', 12.00, 450, '/products/silentpatient.jpg', 5, TRUE, '2024-04-20', 5, 8),
('BOOK-004', 'Dune', 'Classic science fiction novel by Frank Herbert.', 10.99, 300, '/products/dune.jpg', 5, TRUE, '2024-03-25', 5, 8),
('BOOK-005', 'Sapiens: A Brief History of Humankind', 'By Yuval Noah Harari.', 22.00, 400, '/products/sapiens.jpg', 16, TRUE, '2024-05-18', 5, NULL),
-- Sports & Outdoors
('SPRT-001', 'ActionFit Yoga Mat', 'Extra thick, non-slip exercise mat.', 29.95, 200, '/products/yogamat.jpg', 6, TRUE, '2024-05-06', 6, NULL),
('SPRT-002', 'HydroFlask 32oz Bottle', 'Keeps drinks cold for 24 hours.', 44.95, 350, '/products/hydroflask.jpg', 6, TRUE, '2024-05-14', 6, NULL),
('SPRT-003', 'Black Diamond Headlamp', 'Bright and reliable for any adventure.', 59.95, 150, '/products/headlamp.jpg', 22, TRUE, '2024-04-28', 6, NULL),
('SPRT-004', 'ActionFit Dumbbell Set', 'Adjustable dumbbell set, 5-52.5 lbs.', 399.00, 60, '/products/dumbbell.jpg', 6, TRUE, '2024-04-10', 6, NULL),
('SPRT-005', 'Nike Premier League Strike Ball', 'High-contrast graphics for easy tracking.', 30.00, 220, '/products/nikeball.jpg', 13, TRUE, '2024-05-12', 6, NULL),
-- Groceries
('GROC-001', 'QuickBite Granola Bars', 'Oats and honey flavor, 12 bars.', 8.99, 800, '/products/granolabars.jpg', 7, TRUE, '2024-05-21', 7, 10),
('GROC-002', 'Nestle Classic Chocolate', 'Rich and creamy milk chocolate bar.', 2.50, 1000, '/products/nestlechoc.jpg', 18, TRUE, '2024-05-18', 7, 10),
('GROC-003', 'Organic Whole Bean Coffee', 'Medium roast, 12oz bag.', 12.99, 250, '/products/coffeebeans.jpg', 7, TRUE, '2024-05-20', 7, NULL),
('GROC-004', 'Sparkling Water 12-Pack', 'Natural lime flavor.', 6.49, 500, '/products/sparklingwater.jpg', 7, TRUE, '2024-05-21', 7, NULL),
-- Toys & Games
('TOYS-001', 'Catan Board Game', 'The classic strategy game of trade and settlement.', 49.00, 150, '/products/catan.jpg', 30, TRUE, '2024-05-04', 8, 9),
('TOYS-002', 'LEGO Classic Brick Box', '1000 pieces for endless creativity.', 59.99, 180, '/products/legobox.jpg', 24, TRUE, '2024-05-11', 8, NULL),
('TOYS-003', 'KidzPlay Action Figure', 'Super-Hero Action Figure, 12-inch.', 14.99, 300, '/products/actionfigure.jpg', 8, TRUE, '2024-05-16', 8, NULL),
('TOYS-004', 'Hasbro Monopoly Classic', 'The world-famous property trading game.', 19.99, 200, '/products/monopoly.jpg', 17, TRUE, '2024-04-30', 8, 9),
('TOYS-005', 'Wingspan Board Game', 'A competitive, card-driven game about birds.', 55.00, 100, '/products/wingspan.jpg', 30, TRUE, '2024-05-09', 8, 9),
-- Automotive
('AUTO-001', 'AutoMate Synthetic Oil', '5-Quart, 5W-30 Full Synthetic Motor Oil.', 28.50, 200, '/products/motoroil.jpg', 9, TRUE, '2024-05-07', 9, NULL),
('AUTO-002', 'Michelin Defender Tire', 'All-season tire for cars and minivans.', 150.00, 100, '/products/michelintire.jpg', 25, TRUE, '2024-04-25', 9, NULL),
('AUTO-003', 'Armor All Car Wash', 'Cleans and shines your vehicle.', 9.99, 400, '/products/carwash.jpg', 9, TRUE, '2024-05-18', 9, NULL),
('AUTO-004', 'AutoMate Wiper Blades', '24-inch all-season wiper blades.', 18.00, 300, '/products/wiperblades.jpg', 9, TRUE, '2024-05-14', 9, NULL),
-- Discontinued / Inactive
('ELEC-999', 'Old Model Flip Phone', 'A relic from a bygone era.', 19.99, 0, '/products/oldphone.jpg', 1, FALSE, '2019-01-01', 1, 1),
('FASH-999', 'Out of Style Jacket', 'Was cool in 2015.', 89.99, 0, '/products/oldjacket.jpg', 3, FALSE, '2018-05-10', 3, NULL),
('HOME-008', 'Noisy Blender 1000', 'Discontinued due to noise complaints.', 29.99, 0, '/products/noisy_blender.jpg', 2, FALSE, '2021-02-15', 2, 11),
('BOOK-006', 'Out of Print Novel', 'A rare find, but currently unavailable.', 50.00, 0, '/products/oop_book.jpg', 5, FALSE, '2020-11-20', 5, 8),
('SPRT-006', 'Defective Treadmill', 'Recalled model.', 499.00, 0, '/products/bad_treadmill.jpg', 6, FALSE, '2022-06-01', 6, NULL),
('GROC-005', 'Expired Cereal', 'Past its best-by date.', 3.99, 10, '/products/old_cereal.jpg', 7, FALSE, '2023-01-01', 7, 10),
('TOYS-006', 'Small Parts Choking Hazard Toy', 'Recalled for safety reasons.', 9.99, 0, '/products/recalled_toy.jpg', 8, FALSE, '2022-09-01', 8, NULL),
('AUTO-005', 'Faulty Airbag Sensor', 'Do not purchase.', 75.00, 0, '/products/bad_sensor.jpg', 9, FALSE, '2023-03-15', 9, NULL);

-- productfeedback (70 rows) - Assuming no auto-increment ID here
INSERT INTO productfeedback (customer_id, product_code, rating, comment, feedback_date) VALUES
(1, 'ELEC-001', 5, 'Absolutely love this phone! The camera is incredible.', '2024-03-20 10:00:00+00'),
(2, 'HOME-001', 4, 'Great blender, a bit loud but very powerful.', '2024-04-05 15:30:00+00'),
(3, 'FASH-002', 5, 'So comfortable! Perfect for my morning runs.', '2024-05-10 08:00:00+00'),
(4, 'BEAU-001', 5, 'My skin has never felt better. Highly recommend.', '2024-05-01 19:45:00+00'),
(5, 'BOOK-001', 5, 'A beautiful and thought-provoking story.', '2024-02-11 12:00:00+00'),
(6, 'SPRT-001', 4, 'Good quality mat, but it had a slight smell at first.', '2024-04-18 11:10:00+00'),
(7, 'GROC-001', 3, 'They are okay, a bit too sweet for my taste.', '2024-05-15 09:25:00+00'),
(8, 'TOYS-001', 5, 'Family game night staple! We play it all the time.', '2023-12-28 20:00:00+00'),
(9, 'AUTO-001', 5, 'Good quality oil, my car runs smoothly.', '2024-03-01 14:00:00+00'),
(10, 'ELEC-004', 5, 'The noise cancellation is mind-blowing. Worth every penny.', '2024-01-15 18:30:00+00'),
(11, 'HOME-002', 4, 'Solid pan, truly non-stick. Handle could be more comfortable.', '2024-05-20 13:00:00+00'),
(12, 'FASH-003', 5, 'Classic for a reason. They fit perfectly.', '2024-05-18 16:20:00+00'),
(13, 'BEAU-003', 5, 'A lifesaver for my dry skin. And it''s affordable!', '2024-05-19 21:00:00+00'),
(14, 'BOOK-002', 5, 'This book genuinely changed my habits for the better.', '2024-04-30 22:00:00+00'),
(15, 'SPRT-002', 4, 'Keeps water cold for a very long time, but it is heavy.', '2024-05-02 07:45:00+00'),
(16, 'TOYS-002', 5, 'You can never go wrong with LEGO. Hours of fun.', '2024-01-05 11:50:00+00'),
(17, 'ELEC-002', 5, 'The screen is gorgeous and it''s so fast. Perfect for my work.', '2024-02-28 17:00:00+00'),
(18, 'HOME-003', 5, 'An investment, but it makes baking so much easier.', '2023-11-30 19:00:00+00'),
(19, 'FASH-001', 3, 'It''s a bit thin and shrunk a little after washing.', '2024-05-21 10:15:00+00'),
(20, 'BOOK-003', 4, 'Great twist! Kept me guessing until the end.', '2024-05-12 14:35:00+00'),
(21, 'ELEC-001', 4, 'Great phone, but the battery life could be a little better.', '2024-04-10 09:00:00+00'),
(22, 'HOME-001', 1, 'It broke after just two uses! Very disappointed.', '2024-05-18 11:00:00+00'),
(23, 'FASH-004', 5, 'Like walking on clouds. Amazing shoes.', '2024-05-17 18:00:00+00'),
(24, 'BEAU-002', 3, 'I didn''t see much of a difference after a month of use.', '2024-05-16 20:00:00+00'),
(25, 'BOOK-004', 5, 'A masterpiece of science fiction.', '2024-03-15 16:45:00+00'),
(26, 'SPRT-005', 4, 'Good ball for practice, holds air well.', '2024-05-14 17:30:00+00'),
(27, 'GROC-002', 5, 'My favorite chocolate bar!', '2024-05-20 12:00:00+00'),
(28, 'TOYS-004', 3, 'Fun game but the new rules are confusing.', '2024-02-20 19:30:00+00'),
(29, 'AUTO-002', 5, 'Great tires, very quiet on the highway.', '2024-04-01 10:10:00+00'),
(30, 'ELEC-005', 4, 'Does the job for browsing and emails. Can be slow with too many tabs.', '2024-01-25 21:20:00+00'),
(31, 'HOME-005', 5, 'Very sharp knives. The block looks great on my counter.', '2024-05-19 14:00:00+00'),
(32, 'FASH-005', 5, 'Perfect backpack for my daily commute and weekend hikes.', '2024-04-25 09:00:00+00'),
(33, 'BEAU-004', 4, 'Very moisturizing but feels a bit sticky.', '2024-05-05 22:30:00+00'),
(34, 'BOOK-005', 5, 'Fascinating read. A must for everyone.', '2024-05-18 18:18:00+00'),
(35, 'SPRT-003', 5, 'Super bright and comfortable to wear. Essential for camping.', '2024-05-10 12:12:00+00'),
(36, 'TOYS-005', 5, 'Beautiful game with interesting mechanics.', '2024-03-03 15:00:00+00'),
(37, 'ELEC-006', 4, 'Sound is amazing, but the app is a bit clunky.', '2024-02-14 11:45:00+00'),
(38, 'HOME-004', 5, 'I use this almost every day. Food comes out crispy and delicious.', '2024-01-10 19:00:00+00'),
(39, 'FASH-006', 4, 'Warm and cozy, but it pills a bit after a few washes.', '2023-12-15 13:00:00+00'),
(40, 'BEAU-006', 4, 'Tastes pretty good for a protein powder and mixes well.', '2024-05-21 07:00:00+00'),
(1, 'ELEC-003', 5, 'Switched from InnovateTech and I am impressed. The screen is phenomenal.', '2024-05-15 10:30:00+00'),
(2, 'FASH-001', 4, 'Good basic t-shirt. I bought three more in different colors.', '2024-05-21 11:00:00+00'),
(3, 'HOME-002', 3, 'It''s non-stick, but it scratched easier than I expected.', '2024-05-21 12:00:00+00'),
(4, 'BOOK-001', 5, 'I couldn''t put it down. Read it in one sitting.', '2024-03-05 23:00:00+00'),
(5, 'ELEC-004', 2, 'Noise cancellation is good, but they are not comfortable for long periods.', '2024-02-01 14:00:00+00'),
(6, 'TOYS-001', 5, 'Classic game. Great for introducing friends to board games.', '2024-04-01 21:00:00+00'),
(7, 'FASH-002', 5, 'My second pair of Pegasus. They never disappoint.', '2024-05-19 08:30:00+00'),
(8, 'BEAU-003', 5, 'Doctor recommended it, and I see why. It works.', '2024-05-20 19:00:00+00'),
(9, 'AUTO-003', 4, 'Cleans well and smells nice.', '2024-05-18 10:00:00+00'),
(10, 'GROC-003', 5, 'Rich and smooth coffee. My new favorite morning brew.', '2024-05-21 07:30:00+00'),
(11, 'ELEC-007', 5, 'So small and powerful. A must-have for travel.', '2024-05-20 15:00:00+00'),
(12, 'HOME-006', 5, 'Feels like sleeping in a luxury hotel. So soft and warm.', '2024-04-10 22:00:00+00'),
(13, 'FASH-007', 3, 'The leather started cracking after a few months.', '2024-02-15 12:00:00+00'),
(14, 'BEAU-005', 4, 'My skin looks brighter, but the texture is a little oily.', '2024-05-18 21:30:00+00'),
(15, 'BOOK-002', 5, 'Practical advice that is easy to implement.', '2024-05-17 11:20:00+00'),
(16, 'SPRT-004', 5, 'A complete home gym in one set of dumbbells. Space-saving and effective.', '2024-05-01 18:00:00+00'),
(17, 'TOYS-003', 2, 'The arm broke off on the first day. Poor quality.', '2024-05-17 16:00:00+00'),
(18, 'ELEC-008', 5, 'Gaming on this monitor is an immersive dream. Productivity is also great with all the screen real estate.', '2024-05-05 20:00:00+00'),
(19, 'HOME-007', 4, 'It''s quiet and the auto mode works well. I think my allergies are better.', '2024-05-20 10:45:00+00'),
(20, 'FASH-004', 5, 'Perfect for long walks and standing all day.', '2024-05-15 09:00:00+00'),
(21, 'AUTO-004', 2, 'Started streaking after just one month.', '2024-05-15 13:30:00+00'),
(22, 'GROC-004', 4, 'Crisp and refreshing. Good alternative to soda.', '2024-05-21 16:00:00+00'),
(23, 'ELEC-009', 5, 'The perfect size for media consumption and light work.', '2024-05-18 17:00:00+00'),
(24, 'FASH-005', 5, 'Amazingly durable and has so many useful pockets.', '2024-05-19 19:30:00+00'),
(25, 'BEAU-001', 2, 'It caused me to break out. Not for sensitive skin.', '2024-05-10 20:30:00+00'),
(26, 'BOOK-003', 5, 'I was hooked from the first page!', '2024-05-20 22:00:00+00'),
(27, 'SPRT-001', 3, 'It''s too slippery for hot yoga.', '2024-05-12 09:30:00+00'),
(28, 'TOYS-001', 5, 'A timeless classic. Always a hit with new players.', '2024-01-20 18:45:00+00'),
(29, 'ELEC-010', 5, 'The performance is insane. Compiles code in a flash.', '2024-05-10 11:00:00+00'),
(30, 'HOME-003', 5, 'My grandmother had one, and now I do too. A kitchen heirloom.', '2024-04-15 14:00:00+00');


-- orders (50 rows) - Assuming order_id IS auto-increment
-- Note: customer_id and address_id need to reference auto-generated IDs.
-- This assumes the auto-increment for customer and address starts at 1 and increments sequentially.
INSERT INTO orders (customer_id, address_id, order_date, order_status) VALUES
(1, 1, '2024-05-10 10:00:00+00', 'Delivered'),
(2, 2, '2024-05-11 11:30:00+00', 'Delivered'),
(3, 3, '2024-05-12 14:00:00+00', 'Delivered'),
(4, 4, '2024-05-13 16:45:00+00', 'Processing'),
(5, 6, '2024-05-14 09:00:00+00', 'Processing'),
(6, 7, '2024-05-15 13:15:00+00', 'Pending'),
(7, 8, '2024-05-16 18:00:00+00', 'Pending'),
(8, 9, '2024-05-17 20:30:00+00', 'Delivered'),
(1, 5, '2024-05-18 10:10:00+00', 'Processing'),
(10, 11, '2024-05-19 11:00:00+00', 'Pending'),
(11, 12, '2024-05-20 08:45:00+00', 'Delivered'),
(12, 13, '2024-05-21 09:55:00+00', 'Pending'),
(13, 14, '2024-04-20 12:00:00+00', 'Cancelled'),
(14, 15, '2024-04-22 15:20:00+00', 'Delivered'),
(15, 16, '2024-04-25 17:00:00+00', 'Delivered'),
(16, 17, '2024-05-01 19:40:00+00', 'Processing'),
(17, 18, '2024-05-03 21:00:00+00', 'Delivered'),
(18, 19, '2024-05-05 14:30:00+00', 'Delivered'),
(19, 20, '2024-05-08 10:00:00+00', 'Processing'),
(20, 21, '2024-05-09 11:45:00+00', 'Delivered'),
(21, 22, '2024-05-10 16:00:00+00', 'Delivered'),
(22, 23, '2024-05-11 18:20:00+00', 'Processing'),
(23, 24, '2024-05-12 09:30:00+00', 'Pending'),
(24, 25, '2024-05-13 13:00:00+00', 'Delivered'),
(25, 26, '2024-05-14 15:50:00+00', 'Delivered'),
(8, 42, '2024-05-15 12:00:00+00', 'Processing'),
(27, 28, '2024-05-16 14:10:00+00', 'Delivered'),
(28, 29, '2024-05-17 17:00:00+00', 'Delivered'),
(29, 30, '2024-05-18 19:25:00+00', 'Processing'),
(30, 31, '2024-05-19 22:00:00+00', 'Pending'),
(31, 32, '2024-05-20 10:30:00+00', 'Delivered'),
(32, 33, '2024-05-21 11:20:00+00', 'Pending'),
(1, 1, '2024-03-15 08:00:00+00', 'Delivered'),
(15, 43, '2024-03-18 09:00:00+00', 'Delivered'),
(2, 2, '2024-03-20 10:00:00+00', 'Cancelled'),
(18, 19, '2024-04-01 11:00:00+00', 'Delivered'),
(25, 48, '2024-04-05 12:00:00+00', 'Delivered'),
(30, 45, '2024-04-10 13:00:00+00', 'Delivered'),
(3, 3, '2024-04-12 14:00:00+00', 'Delivered'),
(4, 4, '2024-04-15 15:00:00+00', 'Delivered'),
(5, 6, '2024-04-18 16:00:00+00', 'Delivered'),
(6, 7, '2024-04-20 17:00:00+00', 'Delivered'),
(7, 8, '2024-04-22 18:00:00+00', 'Delivered'),
(9, 10, '2024-04-25 19:00:00+00', 'Delivered'),
(11, 12, '2024-04-28 20:00:00+00', 'Delivered'),
(13, 14, '2024-05-01 21:00:00+00', 'Delivered'),
(35, 36, '2024-05-19 14:00:00+00', 'Processing'),
(36, 37, '2024-05-20 15:00:00+00', 'Pending'),
(38, 39, '2024-05-21 16:00:00+00', 'Pending'),
(40, 41, '2024-05-21 17:00:00+00', 'Pending');


-- ========================
-- POPULATE DETAIL / LINKING TABLES
-- ========================

-- orderitem (100 rows) - Assuming no auto-increment ID here, uses composite PK
-- Note: order_id and product_code reference other tables.
-- This assumes order_id corresponds to the auto-generated IDs from the 'orders' table.
INSERT INTO orderitem (order_id, product_code, qty, price_at_purchase) VALUES
(1, 'ELEC-001', 1, 999.00),
(1, 'FASH-005', 1, 99.00),
(2, 'HOME-001', 1, 129.99),
(3, 'FASH-002', 1, 130.00),
(3, 'SPRT-001', 1, 29.95),
(4, 'BEAU-001', 2, 35.50),
(4, 'GROC-001', 3, 8.99),
(5, 'BOOK-001', 1, 15.99),
(5, 'BOOK-002', 1, 18.50),
(6, 'TOYS-001', 1, 49.00),
(7, 'AUTO-001', 1, 28.50),
(7, 'AUTO-003', 2, 9.99),
(8, 'ELEC-004', 1, 399.99),
(9, 'HOME-002', 2, 45.00),
(9, 'HOME-005', 1, 89.99),
(10, 'FASH-003', 1, 79.50),
(11, 'BEAU-003', 4, 16.99),
(12, 'BOOK-004', 1, 10.99),
(12, 'BOOK-005', 1, 22.00),
(13, 'ELEC-002', 1, 1299.00),
(14, 'SPRT-002', 1, 44.95),
(15, 'GROC-002', 10, 2.50),
(16, 'TOYS-002', 1, 59.99),
(17, 'AUTO-002', 4, 150.00),
(18, 'ELEC-005', 1, 549.50),
(19, 'HOME-003', 1, 449.95),
(20, 'FASH-001', 5, 25.00),
(20, 'FASH-006', 2, 55.00),
(21, 'BEAU-002', 1, 29.99),
(22, 'BOOK-003', 2, 12.00),
(23, 'SPRT-005', 3, 30.00),
(24, 'GROC-003', 2, 12.99),
(25, 'TOYS-004', 1, 19.99),
(25, 'TOYS-005', 1, 55.00),
(26, 'ELEC-006', 1, 429.00),
(26, 'ELEC-007', 2, 25.99),
(27, 'HOME-004', 1, 249.99),
(28, 'FASH-004', 1, 180.00),
(29, 'BEAU-004', 1, 46.00),
(30, 'SPRT-003', 1, 59.95),
(31, 'GROC-004', 4, 6.49),
(32, 'TOYS-003', 2, 14.99),
(33, 'ELEC-003', 1, 1199.99),
(33, 'ELEC-007', 1, 25.99),
(34, 'HOME-006', 1, 199.00),
(35, 'FASH-007', 1, 40.00),
(36, 'BEAU-005', 1, 42.00),
(36, 'BEAU-006', 1, 39.99),
(37, 'BOOK-001', 1, 15.99),
(38, 'SPRT-004', 1, 399.00),
(39, 'GROC-001', 5, 8.99),
(40, 'TOYS-001', 1, 49.00),
(41, 'AUTO-004', 2, 18.00),
(42, 'ELEC-008', 1, 1399.00),
(43, 'HOME-007', 1, 149.00),
(44, 'FASH-001', 2, 25.00),
(45, 'BEAU-001', 1, 35.50),
(46, 'BOOK-002', 1, 18.50),
(47, 'ELEC-009', 1, 599.00),
(48, 'FASH-002', 1, 130.00),
(49, 'HOME-001', 1, 129.99),
(50, 'ELEC-010', 1, 1999.00),
(1, 'GROC-003', 1, 12.99),
(2, 'GROC-004', 2, 6.49),
(3, 'BEAU-003', 1, 16.99),
(4, 'HOME-005', 1, 89.99),
(5, 'SPRT-002', 1, 44.95),
(6, 'FASH-001', 3, 25.00),
(7, 'ELEC-007', 2, 25.99),
(8, 'BOOK-001', 1, 15.99),
(9, 'GROC-002', 4, 2.50),
(10, 'SPRT-001', 1, 29.95),
(11, 'HOME-002', 1, 45.00),
(12, 'FASH-003', 1, 79.50),
(13, 'BEAU-001', 1, 35.50),
(14, 'TOYS-002', 1, 59.99),
(15, 'ELEC-004', 1, 399.99),
(16, 'AUTO-001', 1, 28.50),
(17, 'FASH-004', 1, 180.00),
(18, 'BOOK-003', 1, 12.00),
(19, 'SPRT-005', 2, 30.00),
(20, 'HOME-004', 1, 249.99),
(21, 'ELEC-001', 1, 999.00),
(22, 'BEAU-002', 2, 29.99),
(23, 'FASH-005', 1, 99.00),
(24, 'GROC-001', 1, 8.99),
(25, 'BOOK-004', 3, 10.99),
(26, 'HOME-003', 1, 449.95),
(27, 'SPRT-003', 2, 59.95),
(28, 'TOYS-004', 1, 19.99),
(29, 'ELEC-005', 1, 549.50),
(30, 'BEAU-004', 1, 46.00),
(31, 'FASH-006', 1, 55.00),
(32, 'BOOK-005', 1, 22.00),
(33, 'AUTO-002', 1, 150.00),
(34, 'SPRT-004', 1, 399.00),
(35, 'ELEC-002', 1, 1299.00),
(36, 'TOYS-005', 1, 55.00),
(37, 'HOME-006', 1, 199.00),
(38, 'FASH-007', 2, 40.00),
(39, 'BEAU-005', 1, 42.00),
(40, 'ELEC-006', 1, 429.00),
(41, 'GROC-002', 20, 2.50),
(42, 'BEAU-006', 2, 39.99),
(43, 'AUTO-003', 3, 9.99),
(45, 'ELEC-003', 1, 1199.99),
(46, 'TOYS-003', 4, 14.99),
(47, 'HOME-007', 1, 149.00),
(48, 'SPRT-001', 1, 29.95),
(49, 'BOOK-001', 2, 15.99),
(50, 'FASH-003', 1, 79.50);

-- paymenttransaction (50 rows) - Assuming transaction_id IS auto-increment
-- Note: order_id references auto-generated order IDs.
-- This assumes order_id corresponds to the auto-generated IDs from the 'orders' table.
INSERT INTO paymenttransaction (order_id, pay_method_id, amount, status, transaction_date) VALUES
(1, 1, 1111.99, 'Completed', '2024-05-10 10:05:00+00'),
(2, 2, 129.99, 'Completed', '2024-05-11 11:32:00+00'),
(3, 1, 159.95, 'Completed', '2024-05-12 14:02:00+00'),
(4, 4, 97.97, 'Pending', '2024-05-13 16:50:00+00'),
(5, 2, 34.49, 'Completed', '2024-05-14 09:03:00+00'),
(6, 3, 49.00, 'Pending', '2024-05-15 13:15:00+00'),
(7, 1, 48.48, 'Pending', '2024-05-16 18:00:00+00'),
(8, 5, 399.99, 'Completed', '2024-05-17 20:31:00+00'),
(9, 1, 179.99, 'Completed', '2024-05-18 10:11:00+00'),
(10, 2, 79.50, 'Pending', '2024-05-19 11:00:00+00'),
(11, 6, 67.96, 'Completed', '2024-05-20 08:47:00+00'),
(12, 3, 32.99, 'Pending', '2024-05-21 09:55:00+00'),
(13, 1, 1299.00, 'Failed', '2024-04-20 12:05:00+00'),
(14, 1, 44.95, 'Completed', '2024-04-22 15:23:00+00'),
(15, 2, 25.00, 'Completed', '2024-04-25 17:01:00+00'),
(16, 4, 59.99, 'Pending', '2024-05-01 19:42:00+00'),
(17, 1, 600.00, 'Completed', '2024-05-03 21:03:00+00'),
(18, 5, 549.50, 'Completed', '2024-05-05 14:31:00+00'),
(19, 2, 449.95, 'Completed', '2024-05-08 10:02:00+00'),
(20, 1, 235.00, 'Completed', '2024-05-09 11:47:00+00'),
(21, 6, 29.99, 'Completed', '2024-05-10 16:02:00+00'),
(22, 1, 24.00, 'Completed', '2024-05-11 18:21:00+00'),
(23, 3, 90.00, 'Pending', '2024-05-12 09:30:00+00'),
(24, 2, 25.98, 'Completed', '2024-05-13 13:01:00+00'),
(25, 1, 74.99, 'Completed', '2024-05-14 15:52:00+00'),
(26, 5, 480.98, 'Completed', '2024-05-15 12:02:00+00'),
(27, 1, 249.99, 'Completed', '2024-05-16 14:11:00+00'),
(28, 2, 180.00, 'Completed', '2024-05-17 17:03:00+00'),
(29, 4, 46.00, 'Completed', '2024-05-18 19:26:00+00'),
(30, 1, 59.95, 'Pending', '2024-05-19 22:00:00+00'),
(31, 6, 25.96, 'Completed', '2024-05-20 10:32:00+00'),
(32, 3, 29.98, 'Pending', '2024-05-21 11:20:00+00'),
(33, 1, 1225.98, 'Completed', '2024-03-15 08:03:00+00'),
(34, 2, 199.00, 'Completed', '2024-03-18 09:01:00+00'),
(35, 1, 40.00, 'Failed', '2024-03-20 10:05:00+00'),
(36, 5, 81.99, 'Completed', '2024-04-01 11:02:00+00'),
(37, 1, 15.99, 'Completed', '2024-04-05 12:01:00+00'),
(38, 2, 399.00, 'Completed', '2024-04-10 13:02:00+00'),
(39, 1, 44.95, 'Completed', '2024-04-12 14:03:00+00'),
(40, 6, 49.00, 'Completed', '2024-04-15 15:01:00+00'),
(41, 3, 36.00, 'Completed', '2024-04-18 16:00:00+00'),
(42, 1, 1478.98, 'Completed', '2024-04-20 17:05:00+00'),
(43, 2, 178.97, 'Completed', '2024-04-22 18:02:00+00'),
(45, 4, 35.50, 'Completed', '2024-04-28 20:03:00+00'),
(46, 1, 617.50, 'Completed', '2024-05-01 21:02:00+00'),
(47, 2, 599.00, 'Completed', '2024-05-19 14:03:00+00'),
(48, 1, 159.95, 'Pending', '2024-05-20 15:00:00+00'),
(49, 5, 161.97, 'Pending', '2024-05-21 16:00:00+00'),
(50, 6, 2078.50, 'Pending', '2024-05-21 17:00:00+00');


-- productsupplier (80 rows) - Assuming no auto-increment ID here, uses composite PK
-- Note: supplier_id references auto-generated supplier IDs.
-- This assumes supplier_id corresponds to the auto-generated IDs from the 'supplier' table.
INSERT INTO productsupplier (product_code, supplier_id, supply_cost, supply_date, quantity) VALUES
('ELEC-001', 1, 650.00, '2024-05-09', 100),
('ELEC-001', 25, 655.00, '2024-05-09', 50),
('ELEC-002', 1, 900.00, '2024-04-30', 75),
('ELEC-003', 1, 800.00, '2024-05-11', 120),
('ELEC-004', 16, 250.00, '2024-04-27', 200),
('ELEC-005', 1, 350.00, '2024-05-04', 80),
('ELEC-006', 16, 280.00, '2024-05-14', 110),
('ELEC-007', 25, 12.00, '2024-05-17', 500),
('ELEC-008', 1, 950.00, '2024-04-19', 40),
('ELEC-009', 25, 400.00, '2024-05-10', 90),
('ELEC-010', 1, 1500.00, '2024-05-01', 60),
('HOME-001', 2, 70.00, '2024-04-24', 100),
('HOME-002', 2, 20.00, '2024-05-18', 300),
('HOME-003', 17, 300.00, '2024-04-14', 50),
('HOME-004', 2, 150.00, '2024-05-07', 100),
('HOME-005', 2, 45.00, '2024-05-13', 120),
('HOME-006', 17, 120.00, '2024-03-29', 70),
('HOME-007', 25, 80.00, '2024-05-15', 100),
('FASH-001', 3, 8.00, '2024-05-19', 400),
('FASH-002', 18, 65.00, '2024-04-30', 250),
('FASH-003', 3, 35.00, '2024-05-09', 300),
('FASH-004', 18, 90.00, '2024-04-21', 180),
('FASH-005', 18, 50.00, '2024-05-16', 150),
('FASH-006', 3, 22.00, '2024-05-19', 200),
('FASH-007', 12, 15.00, '2024-04-17', 150),
('BEAU-001', 4, 15.00, '2024-05-12', 300),
('BEAU-002', 13, 12.00, '2024-05-08', 220),
('BEAU-003', 4, 7.50, '2024-05-18', 600),
('BEAU-004', 19, 20.00, '2024-05-02', 180),
('BEAU-005', 4, 18.00, '2024-05-12', 150),
('BEAU-006', 29, 20.00, '2024-04-28', 120),
('BOOK-001', 5, 6.00, '2024-04-30', 500),
('BOOK-002', 11, 7.00, '2024-05-14', 700),
('BOOK-003', 5, 4.50, '2024-04-19', 450),
('BOOK-004', 28, 4.00, '2024-03-24', 300),
('BOOK-005', 11, 8.50, '2024-05-17', 400),
('SPRT-001', 6, 12.00, '2024-05-05', 200),
('SPRT-002', 27, 22.00, '2024-05-13', 350),
('SPRT-003', 6, 30.00, '2024-04-27', 150),
('SPRT-004', 27, 250.00, '2024-04-09', 60),
('SPRT-005', 18, 14.00, '2024-05-11', 220),
('GROC-001', 7, 3.50, '2024-05-20', 800),
('GROC-002', 21, 0.90, '2024-05-17', 1000),
('GROC-003', 14, 6.00, '2024-05-19', 250),
('GROC-004', 7, 2.50, '2024-05-20', 500),
('TOYS-001', 8, 25.00, '2024-05-03', 150),
('TOYS-002', 22, 28.00, '2024-05-10', 180),
('TOYS-003', 8, 6.00, '2024-05-15', 300),
('TOYS-004', 15, 8.00, '2024-04-29', 200),
('TOYS-005', 15, 27.00, '2024-05-08', 100),
('AUTO-001', 9, 13.00, '2024-05-06', 200),
('AUTO-002', 23, 90.00, '2024-04-24', 100),
('AUTO-003', 9, 4.00, '2024-05-17', 400),
('AUTO-004', 9, 7.50, '2024-05-13', 300),
('ELEC-003', 25, 810.00, '2024-05-11', 100),
('FASH-002', 27, 68.00, '2024-04-30', 200),
('HOME-001', 17, 72.00, '2024-04-24', 50),
('BEAU-001', 13, 16.00, '2024-05-12', 150),
('BOOK-001', 20, 6.50, '2024-04-30', 250),
('SPRT-001', 27, 13.00, '2024-05-05', 100),
('GROC-001', 14, 3.75, '2024-05-20', 400),
('TOYS-002', 30, 29.00, '2024-05-10', 100),
('AUTO-001', 23, 14.00, '2024-05-06', 100),
('ELEC-007', 1, 12.50, '2024-05-17', 250),
('FASH-003', 12, 36.00, '2024-05-09', 150),
('HOME-005', 17, 48.00, '2024-05-13', 60),
('BEAU-003', 19, 8.00, '2024-05-18', 300),
('BOOK-002', 20, 7.20, '2024-05-14', 350),
('SPRT-002', 6, 23.00, '2024-05-13', 150),
('GROC-003', 26, 6.50, '2024-05-19', 100),
('TOYS-004', 30, 8.50, '2024-04-29', 100),
('AUTO-004', 23, 8.00, '2024-05-13', 150),
('ELEC-004', 1, 255.00, '2024-04-27', 100),
('FASH-001', 12, 8.50, '2024-05-19', 200),
('HOME-002', 17, 21.00, '2024-05-18', 150),
('BEAU-002', 29, 12.50, '2024-05-08', 110),
('BOOK-004', 20, 4.10, '2024-03-24', 150),
('SPRT-005', 27, 14.50, '2024-05-11', 110),
('GROC-002', 14, 0.95, '2024-05-17', 500);


-- productpromotion (30 rows) - Assuming no auto-increment ID here, uses composite PK
INSERT INTO productpromotion (product_code, promotion_id) VALUES
-- Summer Sale 2024 (Active)
('ELEC-004', 1),
('FASH-001', 1),
('FASH-002', 1),
('FASH-005', 1),
('FASH-006', 1),
('SPRT-001', 1),
('SPRT-002', 1),
('SPRT-005', 1),
('HOME-004', 1),
('GROC-004', 1),
-- New Customer Welcome (Active)
('ELEC-001', 3),
('HOME-001', 3),
('FASH-001', 3),
('BOOK-001', 3),
('TOYS-001', 3),
-- Spring Cleaning Special (Expired)
('HOME-001', 5),
('HOME-002', 5),
('HOME-005', 5),
('HOME-007', 5),
-- Black Friday (Expired)
('ELEC-001', 2),
('ELEC-002', 2),
('ELEC-003', 2),
('ELEC-004', 2),
('ELEC-005', 2),
('ELEC-006', 2),
('ELEC-008', 2),
('ELEC-009', 2),
('ELEC-010', 2),
('TOYS-002', 2);

-- cartitem (40 rows) - Assuming no auto-increment ID here, uses composite PK
-- Note: customer_id references auto-generated customer IDs.
-- This assumes customer_id corresponds to the auto-generated IDs from the 'customer' table.
INSERT INTO cartitem (customer_id, product_code, qty, price_at_purchase, added_at) VALUES
(1, 'BEAU-001', 1, 35.50, '2024-05-21 10:30:00+00'),
(1, 'GROC-003', 2, 12.99, '2024-05-21 10:32:00+00'),
(4, 'FASH-003', 1, 79.50, '2024-05-20 18:00:00+00'),
(6, 'TOYS-005', 1, 55.00, '2024-05-21 13:00:00+00'),
(6, 'TOYS-001', 1, 49.00, '2024-05-21 13:01:00+00'),
(8, 'BOOK-002', 1, 18.50, '2024-05-19 22:15:00+00'),
(10, 'ELEC-007', 2, 25.99, '2024-05-21 11:05:00+00'),
(12, 'SPRT-001', 1, 29.95, '2024-05-21 14:00:00+00'),
(15, 'HOME-003', 1, 449.95, '2024-05-18 09:00:00+00'),
(18, 'FASH-004', 1, 180.00, '2024-05-21 08:20:00+00'),
(20, 'FASH-001', 2, 25.00, '2024-05-20 20:45:00+00'),
(22, 'BOOK-001', 1, 15.99, '2024-05-21 17:30:00+00'),
(25, 'AUTO-002', 2, 150.00, '2024-05-21 18:40:00+00'),
(25, 'AUTO-001', 1, 28.50, '2024-05-21 18:41:00+00'),
(29, 'ELEC-009', 1, 599.00, '2024-05-19 12:00:00+00'),
(31, 'BEAU-003', 3, 16.99, '2024-05-20 13:35:00+00'),
(33, 'HOME-007', 1, 149.00, '2024-05-21 15:33:00+00'),
(35, 'FASH-007', 1, 40.00, '2024-05-21 17:40:00+00'),
(37, 'SPRT-003', 1, 59.95, '2024-05-20 19:35:00+00'),
(40, 'ELEC-010', 1, 1999.00, '2024-05-20 22:35:00+00'),
(2, 'ELEC-008', 1, 1399.00, '2024-05-21 09:15:00+00'),
(3, 'GROC-001', 4, 8.99, '2024-05-21 12:33:00+00'),
(5, 'BOOK-005', 1, 22.00, '2024-05-20 16:45:00+00'),
(7, 'FASH-006', 1, 55.00, '2024-05-21 10:00:00+00'),
(9, 'BEAU-005', 1, 42.00, '2024-05-20 11:58:00+00'),
(11, 'HOME-004', 1, 249.99, '2024-05-19 22:05:00+00'),
(13, 'AUTO-004', 2, 18.00, '2024-05-21 11:15:00+00'),
(14, 'SPRT-004', 1, 399.00, '2024-05-18 13:50:00+00'),
(16, 'BEAU-006', 1, 39.99, '2024-05-21 06:10:00+00'),
(17, 'FASH-002', 1, 130.00, '2024-05-19 15:25:00+00'),
(19, 'HOME-001', 1, 129.99, '2024-05-21 13:10:00+00'),
(21, 'ELEC-004', 1, 399.99, '2024-05-20 14:48:00+00'),
(23, 'TOYS-002', 1, 59.99, '2024-05-19 09:35:00+00'),
(24, 'GROC-002', 10, 2.50, '2024-05-20 08:30:00+00'),
(26, 'BOOK-003', 1, 12.00, '2024-05-18 14:50:00+00'),
(27, 'FASH-005', 1, 99.00, '2024-05-21 09:32:00+00'),
(28, 'SPRT-005', 1, 30.00, '2024-05-20 10:35:00+00'),
(30, 'HOME-005', 1, 89.99, '2024-05-21 12:35:00+00'),
(32, 'ELEC-005', 1, 549.50, '2024-05-19 14:33:00+00'),
(34, 'TOYS-004', 2, 19.99, '2024-05-20 16:35:00+00');


-- inventorylog (150+ rows) - Assuming id IS auto-increment and staff_id references auto-generated staff IDs.
-- The original script already omitted the id column, so no change is needed here.
-- This assumes staff_id corresponds to the auto-generated IDs from the 'staff' table.


-- inventorylog (150+ rows)
INSERT INTO inventorylog (product_code, staff_id, change_date, change_type, quantity_change, note) VALUES
-- Initial Stocking Events
('ELEC-001', 3, '2024-01-10 09:00:00+00', 'Initial Stock', 100, 'Initial shipment received.'),
('HOME-001', 6, '2024-01-11 09:30:00+00', 'Initial Stock', 100, 'First batch of blenders.'),
('FASH-002', 10, '2024-01-12 10:00:00+00', 'Initial Stock', 300, 'Received from ActiveLife Sports.'),
('BEAU-001', 15, '2024-01-13 10:30:00+00', 'Initial Stock', 200, 'First delivery from PureGlow.'),
('BOOK-001', 21, '2024-01-14 11:00:00+00', 'Initial Stock', 500, 'Bulk order from PageTurners.'),
('SPRT-001', 24, '2024-01-15 11:30:00+00', 'Initial Stock', 150, 'Yoga mats from ActionFit.'),
('GROC-001', 26, '2024-01-16 12:00:00+00', 'Initial Stock', 1000, 'Weekly grocery delivery.'),
('TOYS-001', 6, '2024-01-17 12:30:00+00', 'Initial Stock', 100, 'Asmodee shipment.'),
('AUTO-001', 10, '2024-01-18 13:00:00+00', 'Initial Stock', 150, 'Motor oil from AutoMate.'),
('ELEC-004', 15, '2024-01-19 13:30:00+00', 'Initial Stock', 150, 'Sony headphones arrival.'),
-- Restocks
('ELEC-001', 5, '2024-05-10 14:00:00+00', 'Restock', 50, 'Restocked based on low levels.'),
('HOME-001', 5, '2024-04-25 14:30:00+00', 'Restock', 50, 'Replenishment order.'),
('FASH-002', 5, '2024-05-01 15:00:00+00', 'Restock', 100, 'Pre-summer restock.'),
('BEAU-001', 9, '2024-05-13 15:30:00+00', 'Restock', 100, 'Replenished popular item.'),
('BOOK-001', 9, '2024-05-01 16:00:00+00', 'Restock', 200, 'Best-seller restock.'),
('SPRT-001', 20, '2024-05-06 16:30:00+00', 'Restock', 50, 'Spring fitness campaign restock.'),
('GROC-001', 20, '2024-05-21 17:00:00+00', 'Restock', 300, 'Weekly restock.'),
('TOYS-001', 9, '2024-05-04 17:30:00+00', 'Restock', 50, 'Replenished after holiday sales.'),
('AUTO-001', 9, '2024-05-07 18:00:00+00', 'Restock', 50, 'Regular stock top-up.'),
('ELEC-004', 5, '2024-04-28 18:30:00+00', 'Restock', 50, 'High demand item restock.'),
-- Sales (deductions from stock based on orders)
('ELEC-001', 2, '2024-05-10 10:01:00+00', 'Sale', -1, 'Order #1'),
('FASH-005', 2, '2024-05-10 10:01:00+00', 'Sale', -1, 'Order #1'),
('HOME-001', 2, '2024-05-11 11:31:00+00', 'Sale', -1, 'Order #2'),
('FASH-002', 2, '2024-05-12 14:01:00+00', 'Sale', -1, 'Order #3'),
('SPRT-001', 2, '2024-05-12 14:01:00+00', 'Sale', -1, 'Order #3'),
('BEAU-001', 2, '2024-05-13 16:46:00+00', 'Sale', -2, 'Order #4'),
('GROC-001', 2, '2024-05-13 16:46:00+00', 'Sale', -3, 'Order #4'),
('BOOK-001', 2, '2024-05-14 09:01:00+00', 'Sale', -1, 'Order #5'),
('BOOK-002', 2, '2024-05-14 09:01:00+00', 'Sale', -1, 'Order #5'),
('TOYS-001', 2, '2024-05-15 13:16:00+00', 'Sale', -1, 'Order #6'),
('AUTO-001', 2, '2024-05-16 18:01:00+00', 'Sale', -1, 'Order #7'),
('AUTO-003', 2, '2024-05-16 18:01:00+00', 'Sale', -2, 'Order #7'),
('ELEC-004', 2, '2024-05-17 20:31:00+00', 'Sale', -1, 'Order #8'),
('HOME-002', 2, '2024-05-18 10:11:00+00', 'Sale', -2, 'Order #9'),
('HOME-005', 2, '2024-05-18 10:11:00+00', 'Sale', -1, 'Order #9'),
('FASH-003', 2, '2024-05-19 11:01:00+00', 'Sale', -1, 'Order #10'),
('BEAU-003', 2, '2024-05-20 08:46:00+00', 'Sale', -4, 'Order #11'),
('BOOK-004', 2, '2024-05-21 09:56:00+00', 'Sale', -1, 'Order #12'),
('BOOK-005', 2, '2024-05-21 09:56:00+00', 'Sale', -1, 'Order #12'),
('SPRT-002', 2, '2024-04-22 15:21:00+00', 'Sale', -1, 'Order #14'),
('GROC-002', 2, '2024-04-25 17:01:00+00', 'Sale', -10, 'Order #15'),
('TOYS-002', 2, '2024-05-01 19:41:00+00', 'Sale', -1, 'Order #16'),
('AUTO-002', 2, '2024-05-03 21:01:00+00', 'Sale', -4, 'Order #17'),
('ELEC-005', 2, '2024-05-05 14:31:00+00', 'Sale', -1, 'Order #18'),
('HOME-003', 2, '2024-05-08 10:01:00+00', 'Sale', -1, 'Order #19'),
('FASH-001', 2, '2024-05-09 11:46:00+00', 'Sale', -5, 'Order #20'),
('FASH-006', 2, '2024-05-09 11:46:00+00', 'Sale', -2, 'Order #20'),
('BEAU-002', 2, '2024-05-10 16:01:00+00', 'Sale', -1, 'Order #21'),
('BOOK-003', 2, '2024-05-11 18:21:00+00', 'Sale', -2, 'Order #22'),
('SPRT-005', 2, '2024-05-12 09:31:00+00', 'Sale', -3, 'Order #23'),
('GROC-003', 2, '2024-05-13 13:01:00+00', 'Sale', -2, 'Order #24'),
('TOYS-004', 2, '2024-05-14 15:51:00+00', 'Sale', -1, 'Order #25'),
('TOYS-005', 2, '2024-05-14 15:51:00+00', 'Sale', -1, 'Order #25'),
('ELEC-006', 2, '2024-05-15 12:01:00+00', 'Sale', -1, 'Order #26'),
('ELEC-007', 2, '2024-05-15 12:01:00+00', 'Sale', -2, 'Order #26'),
('HOME-004', 2, '2024-05-16 14:11:00+00', 'Sale', -1, 'Order #27'),
('FASH-004', 2, '2024-05-17 17:01:00+00', 'Sale', -1, 'Order #28'),
('BEAU-004', 2, '2024-05-18 19:26:00+00', 'Sale', -1, 'Order #29'),
('SPRT-003', 2, '2024-05-19 22:01:00+00', 'Sale', -1, 'Order #30'),
('GROC-004', 2, '2024-05-20 10:31:00+00', 'Sale', -4, 'Order #31'),
('TOYS-003', 2, '2024-05-21 11:21:00+00', 'Sale', -2, 'Order #32'),
('ELEC-003', 2, '2024-03-15 08:01:00+00', 'Sale', -1, 'Order #33'),
('HOME-006', 2, '2024-03-18 09:01:00+00', 'Sale', -1, 'Order #34'),
('BEAU-005', 2, '2024-04-01 11:01:00+00', 'Sale', -1, 'Order #36'),
('BOOK-001', 2, '2024-04-05 12:01:00+00', 'Sale', -1, 'Order #37'),
('SPRT-004', 2, '2024-04-10 13:01:00+00', 'Sale', -1, 'Order #38'),
('GROC-001', 2, '2024-04-12 14:01:00+00', 'Sale', -5, 'Order #39'),
('TOYS-001', 2, '2024-04-15 15:01:00+00', 'Sale', -1, 'Order #40'),
-- Adjustments
('GROC-005', 3, '2023-01-10 10:00:00+00', 'Initial Stock', 50, 'Received shipment.'),
('GROC-005', 19, '2024-01-15 11:00:00+00', 'Adjustment', -40, 'Found expired in warehouse. Disposed.'),
('HOME-001', 19, '2024-05-18 11:30:00+00', 'Adjustment', -1, 'Damaged by customer #2, returned and written off.'),
('FASH-001', 12, '2024-05-21 12:00:00+00', 'Adjustment', 2, 'Found misplaced stock during cycle count.'),
('TOYS-003', 12, '2024-05-17 16:30:00+00', 'Adjustment', -1, 'Damaged on shelf.'),
('AUTO-004', 19, '2024-05-16 09:00:00+00', 'Adjustment', -5, 'Stock count correction, likely theft.'),
('ELEC-001', 19, '2024-03-01 10:00:00+00', 'Adjustment', -2, 'Items reported missing from shelf.'),
('HOME-002', 19, '2024-03-02 11:00:00+00', 'Adjustment', 1, 'Found during audit.'),
('FASH-003', 19, '2024-03-03 12:00:00+00', 'Adjustment', -3, 'Water damage in warehouse corner.'),
('BEAU-002', 19, '2024-03-04 13:00:00+00', 'Adjustment', -1, 'Product packaging damaged.'),
('BOOK-004', 19, '2024-03-05 14:00:00+00', 'Adjustment', 5, 'Miscounted on previous audit.'),
('SPRT-005', 19, '2024-03-06 15:00:00+00', 'Adjustment', -2, 'Returned as defective, not resalable.'),
('GROC-003', 19, '2024-03-07 16:00:00+00', 'Adjustment', -1, 'Bag torn.'),
('TOYS-004', 19, '2024-03-08 17:00:00+00', 'Adjustment', -1, 'Box crushed.'),
('AUTO-002', 19, '2024-03-09 18:00:00+00', 'Adjustment', -1, 'Tire has a manufacturing defect.'),
('ELEC-005', 19, '2024-03-10 19:00:00+00', 'Adjustment', 1, 'Returned but in perfect condition, restocked.'),
('HOME-006', 19, '2024-04-01 10:00:00+00', 'Adjustment', -1, 'Stained, cannot be sold.'),
('FASH-007', 19, '2024-04-02 11:00:00+00', 'Adjustment', -2, 'Discolored.'),
('BEAU-004', 19, '2024-04-03 12:00:00+00', 'Adjustment', 1, 'Found extra unit behind shelf.'),
('BOOK-005', 19, '2024-04-04 13:00:00+00', 'Adjustment', -1, 'Water damage.'),
('SPRT-002', 19, '2024-04-05 14:00:00+00', 'Adjustment', -3, 'Dented during transit.'),
('GROC-004', 19, '2024-04-06 15:00:00+00', 'Adjustment', -12, 'Case of cans leaked.'),
('TOYS-005', 19, '2024-04-07 16:00:00+00', 'Adjustment', -1, 'Missing pieces reported by staff.'),
('AUTO-003', 19, '2024-04-08 17:00:00+00', 'Adjustment', -5, 'Bottles leaked during stocking.'),
('ELEC-008', 19, '2024-04-09 18:00:00+00', 'Adjustment', -1, 'Dead pixels found during testing.'),
('HOME-007', 19, '2024-04-10 19:00:00+00', 'Adjustment', 1, 'Returned, unopened, restocked.'),
('FASH-005', 19, '2024-05-01 10:00:00+00', 'Adjustment', -1, 'Zipper broken.'),
('BEAU-006', 19, '2024-05-02 11:00:00+00', 'Adjustment', -2, 'Seal broken.'),
('BOOK-002', 19, '2024-05-03 12:00:00+00', 'Adjustment', 10, 'Found a box that was not in the system.'),
('SPRT-003', 19, '2024-05-04 13:00:00+00', 'Adjustment', -1, 'Faulty switch.'),
('GROC-002', 19, '2024-05-05 14:00:00+00', 'Adjustment', -50, 'Melted during power outage.'),
('TOYS-002', 19, '2024-05-06 15:00:00+00', 'Adjustment', -1, 'Box open, likely missing pieces.'),
('AUTO-004', 19, '2024-05-07 16:00:00+00', 'Adjustment', 2, 'Inventory correction.'),
('ELEC-009', 19, '2024-05-08 17:00:00+00', 'Adjustment', -1, 'Scratched screen.'),
('HOME-003', 19, '2024-05-09 18:00:00+00', 'Adjustment', -1, 'Showroom model, sold at discount (not tracked here).'),
('FASH-004', 19, '2024-05-10 19:00:00+00', 'Adjustment', -1, 'Stained.'),
('BEAU-003', 19, '2024-05-11 10:00:00+00', 'Adjustment', -10, 'Damaged shipment box.'),
('BOOK-001', 19, '2024-05-12 11:00:00+00', 'Adjustment', -5, 'Torn covers.'),
('SPRT-001', 19, '2024-05-13 12:00:00+00', 'Adjustment', -2, 'Permanent creases.'),
('GROC-001', 19, '2024-05-14 13:00:00+00', 'Adjustment', -12, 'Pest damage.'),
('TOYS-001', 19, '2024-05-15 14:00:00+00', 'Adjustment', -1, 'Water damage.'),
('AUTO-001', 19, '2024-05-16 15:00:00+00', 'Adjustment', -1, 'Leaking bottle.'),
('ELEC-002', 19, '2024-05-17 16:00:00+00', 'Adjustment', -1, 'Cracked screen on arrival.'),
('HOME-004', 19, '2024-05-18 17:00:00+00', 'Adjustment', 1, 'Found misplaced item.'),
('FASH-001', 19, '2024-05-19 18:00:00+00', 'Adjustment', -10, 'Mislabeled size, returned to supplier.'),
('BEAU-001', 19, '2024-05-20 19:00:00+00', 'Adjustment', -3, 'Expired.'),
('BOOK-003', 19, '2024-05-21 09:00:00+00', 'Adjustment', -2, 'Printing error.'),
('SPRT-004', 19, '2024-05-21 10:00:00+00', 'Adjustment', -1, 'Missing parts.'),
('GROC-002', 19, '2024-05-21 11:00:00+00', 'Adjustment', 24, 'Found extra case.'),
('TOYS-003', 19, '2024-05-21 12:00:00+00', 'Adjustment', -5, 'Paint defects.'),
('AUTO-003', 19, '2024-05-21 13:00:00+00', 'Adjustment', -1, 'Wrong product in bottle.');

